title	author	ave_rating	no_rating	link
The Outlands (The Outlands Saga #1)	Tyler Edwards	4.12	578	https://www.goodreads.com/book/show/56305116-the-outlands
Before and After	Andrew Shanahan	4.19	1,231	https://www.goodreads.com/book/show/50262048-before-and-after
Arielle: Immortal Awakening (Immortal Rapture, #1)	Lilian Roberts	3.72	392	https://www.goodreads.com/book/show/16165500-arielle
Transference	B.T. Keaton	4.33	407	https://www.goodreads.com/book/show/51931590-transference
Enigma Black (Enigma Black, #1)	Sara Furlong Burr	4.12	227	https://www.goodreads.com/book/show/16177145-enigma-black
Lone Wolf Rising (The Winters Family Saga, #1)	Jami Brumfield	3.71	756	https://www.goodreads.com/book/show/21523892-lone-wolf-rising
Southern Mystical Moments	Patricia H. Graham	4.20	85	https://www.goodreads.com/book/show/16091522-southern-mystical-moments
The Meat Market (Jonathan Harkon Adventures #1)	James Chalk	3.70	467	https://www.goodreads.com/book/show/18754855-the-meat-market
...And the Stars Will Sing	Michelle Browne	3.60	113	https://www.goodreads.com/book/show/15985583-and-the-stars-will-sing
The Dry	Rebecca Nolen	4.35	137	https://www.goodreads.com/book/show/19140611-the-dry
Ancient Blood: A Novel of the Hegemony (The Order Saga, #1)	Brian McKinley	4.27	147	https://www.goodreads.com/book/show/14896701-ancient-blood
Vendetta Nation (Enigma Black, #2)	Sara Furlong Burr	4.48	89	https://www.goodreads.com/book/show/18880543-vendetta-nation
The Wicked Garden (The Wicked Garden, #1)	Lenora Henson	3.84	217	https://www.goodreads.com/book/show/17789716-the-wicked-garden
A Soldier Forgiven	A. Petrov	3.92	59	https://www.goodreads.com/book/show/24461608-a-soldier-forgiven
Watch Over You	Mason Sabre	4.55	134	https://www.goodreads.com/book/show/23245726-watch-over-you
The Huntress	Michelle O'Leary	3.75	193	https://www.goodreads.com/book/show/3144278-the-huntress
Vertigo (Aurora Rising, #2)	G.S. Jennsen	4.23	1,324	https://www.goodreads.com/book/show/25397993-vertigo
Revenge (The Keeper #2)	O.L. Ramos	4.25	165	https://www.goodreads.com/book/show/18373829-revenge
Arielle Immortal Seduction (Immortal Rapture #2)	Lilian Roberts	4.36	186	https://www.goodreads.com/book/show/21544368-arielle-immortal-seduction
Mage's Burden (Fire of the Jidaan, #1)	Whit McClendon	4.19	110	https://www.goodreads.com/book/show/22459241-mage-s-burden
Arielle: Immortal Passion (Immortal Rapture, #3)	Lilian Roberts	4.55	174	https://www.goodreads.com/book/show/17665403-arielle
Starshine (Aurora Rising, #1)	G.S. Jennsen	3.94	3,175	https://www.goodreads.com/book/show/25397924-starshine
Awakening (The Keeper, #1)	O.L. Ramos	3.69	425	https://www.goodreads.com/book/show/17833728-awakening
Hunt for the Star (The Eldon Archives, #1)	Dane Richter	4.81	48	https://www.goodreads.com/book/show/17450513-hunt-for-the-star
Throne of Novoxos (Van Laven Chronicles #1)	Tyler Chase	3.50	5,217	https://www.goodreads.com/book/show/23119393-throne-of-novoxos
Spectra	Ebony Olson	4.17	192	https://www.goodreads.com/book/show/33641215-spectra
Beneath the Surface (The Malions, #1)	Miranda Rae Carter	4.40	48	https://www.goodreads.com/book/show/18621380-beneath-the-surface
Harvest (Harvest Trilogy #1)	Michele E. Gwynn	4.12	33	https://www.goodreads.com/book/show/13197877-harvest
Bound by Duty (Bound, #1)	Stormy Smith	3.82	3,317	https://www.goodreads.com/book/show/21957948-bound-by-duty
The Call of Agon (The Children of Telm, #1)	Dean F. Wilson	3.61	377	https://www.goodreads.com/book/show/17399863-the-call-of-agon
Fall of Zona Nox (Warpmancer #1-3)	Nicholas Woode-Smith	4.25	57	https://www.goodreads.com/book/show/17973204-fall-of-zona-nox
Fall of Darkness (The Darkness Chronicles, #1)	Elle Bright	3.77	239	https://www.goodreads.com/book/show/18139273-fall-of-darkness
Moon 514: Blaze and the White Griffon	Drew Briney	3.71	35	https://www.goodreads.com/book/show/22057126-moon-514
Forgotten Lore: Volume I	Alexei Maxim Russell	4.29	42	https://www.goodreads.com/book/show/25560329-forgotten-lore
The Book of Occult	Simon W. Clark	3.67	8,377	https://www.goodreads.com/book/show/20388847-the-book-of-occult
All for One (Sky Ghosts #1)	Alexandra Engellmann	3.65	1,169	https://www.goodreads.com/book/show/25635011-all-for-one
Shadow King	Susan K. Hamilton	4.44	36	https://www.goodreads.com/book/show/40250160-shadow-king
Sentience	Courtney P. Hunter	4.08	84	https://www.goodreads.com/book/show/55148409-sentience
Veterans of the Psychic Wars	Wayne Gerard Trotman	3.77	79	https://www.goodreads.com/book/show/10266883-veterans-of-the-psychic-wars
Immortal Defiance (Dulcea's Rebellion, #1)	Laura Maybrooke	4.06	118	https://www.goodreads.com/book/show/50907462-immortal-defiance
Conjunction (The Wise Society, #1)	A.D. Zoltan	4.34	58	https://www.goodreads.com/book/show/43460271-conjunction
Blood Rose (The Blood Saga #1)	Jacquelynn Gagne	4.13	93	https://www.goodreads.com/book/show/16150740-blood-rose
The Waking (Ruin, #1)	Lucian Bane	3.95	752	https://www.goodreads.com/book/show/23005802-the-waking
Marco (Sky Ghosts, #1.5)	Alexandra Engellmann	4.32	87	https://www.goodreads.com/book/show/25969548-marco
Why Not-World	Alexei Maxim Russell	4.13	55	https://www.goodreads.com/book/show/23506296-why-not-world
Rebirth (The Keeper, #3)	O.L. Ramos	4.42	116	https://www.goodreads.com/book/show/19571104-rebirth
The Starbirth Assignment: Shifter (Starbirth, #1)	J.M. Johnson	4.19	57	https://www.goodreads.com/book/show/30981718-the-starbirth-assignment
Starborn (The Order of Orion, #1)	Samantha Jane	3.79	169	https://www.goodreads.com/book/show/36528876-starborn
The Key to Erebus (Les Corbeaux: The French Vampire Legend, #1)	Emma V. Leech	4.11	1,138	https://www.goodreads.com/book/show/17280656-the-key-to-erebus
Belligerent (Vicara, #1)	B.N. Mauldin	4.24	129	https://www.goodreads.com/book/show/17856436-belligerent
A Tale of Two Djinns	Mina Khan	3.99	103	https://www.goodreads.com/book/show/13518975-a-tale-of-two-djinns
The Sity (The Sity, #1)	Curran Geist	3.71	41	https://www.goodreads.com/book/show/15818027-the-sity
Damselfly (Damselfly, #1)	Jennie Bates Bozic	3.74	226	https://www.goodreads.com/book/show/18216396-damselfly
This Brilliant Darkness	Red Tash	3.54	138	https://www.goodreads.com/book/show/13017390-this-brilliant-darkness
Zombie Apocalypse Diaries: Outbreak	J. Scott Edwards	3.71	14	https://www.goodreads.com/book/show/19179841-zombie-apocalypse-diaries
Haunted Tree (The Magus Family Chronicles, #1)	Scott Robert Scheller	3.79	89	https://www.goodreads.com/book/show/25272670-haunted-tree
Punk (New York Vampire, #1)	K.D. McQuain	3.96	45	https://www.goodreads.com/book/show/25884402-punk
A Dark Collection	Emma V. Leech	4.55	58	https://www.goodreads.com/book/show/29387068-a-dark-collection
Just Like Animals (Werelock Evolution #5)	Hettie Ivers	4.00	866	https://www.goodreads.com/book/show/39934931-just-like-animals
Undertakers Inc.	J.C. Compton	4.55	11	https://www.goodreads.com/book/show/57902919-undertakers-inc
ParaWars: Uprising (ParaWars, #1)	Caitlin Greer	4.17	66	https://www.goodreads.com/book/show/18283667-parawars
Orope - The White Snake (Whisperers of the Gods, #1)	Guenevere Lee	3.99	74	https://www.goodreads.com/book/show/37907938-orope---the-white-snake
Awakening (The Geis, #1)	Christy Dorrity	3.85	199	https://www.goodreads.com/book/show/18074584-awakening
The Short Life of Sparrows	Emm Cole	3.91	293	https://www.goodreads.com/book/show/24568450-the-short-life-of-sparrows
A Darker Shade of Sorcery (The Realmers #1)	William Collins	3.85	276	https://www.goodreads.com/book/show/28602062-a-darker-shade-of-sorcery
Emergence	Nick M. Lloyd	3.64	370	https://www.goodreads.com/book/show/23364070-emergence
Songs in the Year of the Cat (Upper Kingdom, #3)	H. Leighton Dickson	4.42	173	https://www.goodreads.com/book/show/18325148-songs-in-the-year-of-the-cat
Forgotten Lore: Volume II	Alexei Maxim Russell	4.10	29	https://www.goodreads.com/book/show/25560247-forgotten-lore
Ascension (Dominion, #2)	S.E. Lund	3.92	671	https://www.goodreads.com/book/show/15765627-ascension
A Dark Design (Les Fées: The French Fae Legend 0.25)	Emma V. Leech	4.78	59	https://www.goodreads.com/book/show/25707038-a-dark-design
The Dark Prince (Les Fées: The French Fae Legend, #1)	Emma V. Leech	3.89	984	https://www.goodreads.com/book/show/18813405-the-dark-prince
Angel of the City	R.J. Leahy	4.08	72	https://www.goodreads.com/book/show/17282407-angel-of-the-city
The Heart of Arima (Les Corbeaux: The French Vampire Legend #2)	Emma V. Leech	4.51	496	https://www.goodreads.com/book/show/22607513-the-heart-of-arima
Dominion (Dominion, #1)	S.E. Lund	3.62	1,802	https://www.goodreads.com/book/show/15712652-dominion
Lost in the Seven Worlds	Petronela Ungureanu	3.95	96	https://www.goodreads.com/book/show/17620123-lost-in-the-seven-worlds
A Titan for Christmas	Aria Kane	3.82	44	https://www.goodreads.com/book/show/16147842-a-titan-for-christmas
Coma	Lilly Mance	3.24	168	https://www.goodreads.com/book/show/18282357-coma
The Lure of Fools	Jason James King	3.82	171	https://www.goodreads.com/book/show/18306186-the-lure-of-fools
My Wolf Protector (Wolf Town Guardians, #2)	Rose Wynters	3.80	160	https://www.goodreads.com/book/show/18392983-my-wolf-protector
Stardancer (The Tellaran, #2)	Ariel MacArran	3.90	290	https://www.goodreads.com/book/show/18716898-stardancer
To Journey in the Year of the Tiger (Upper Kingdom, #1)	H. Leighton Dickson	3.96	427	https://www.goodreads.com/book/show/21563710-to-journey-in-the-year-of-the-tiger
A Lovely Machine	Amberle L. Husbands	3.75	16	https://www.goodreads.com/book/show/22052657-a-lovely-machine
Angelwood. Kings & Queens	Hendrik Birke	4.10	21	https://www.goodreads.com/book/show/22616552-angelwood-kings-queens
The Clan (Play to Live #2)	D. Rus	4.23	4,765	https://www.goodreads.com/book/show/22822164-the-clan
Bright Star (The Apprentice, #2; The Twelve Systems Chronicles, #2)	E.G. Manetti	4.21	84	https://www.goodreads.com/book/show/20987455-bright-star
The Golding (Epiphany #1)	Sonya Deanna Terry	3.83	71	https://www.goodreads.com/book/show/24107618-the-golding
Masks and Mirrors (The Weir Chronicles #2)	Sue Duff	4.23	31	https://www.goodreads.com/book/show/25062588-masks-and-mirrors
Soldier (Audian Forces, #1)	Kalcee Clornel	4.22	9	https://www.goodreads.com/book/show/28432482-soldier
The Shaman's Apprentice (Jovai #1)	B. Muze	4.26	43	https://www.goodreads.com/book/show/37786729-the-shaman-s-apprentice
River Running	T.D. Shoemaker	4.67	15	https://www.goodreads.com/book/show/38101049-river-running
Slab Steele and the Venusian Exchange	Ron Starke	4.20	25	https://www.goodreads.com/book/show/52683820-slab-steele-and-the-venusian-exchange
2HVØRHVNØT: To Have Or Have Not	Jared K. Chapman	4.46	41	https://www.goodreads.com/book/show/55270508-2hv-rhvn-t
Where Embers Glow A Fire Burns (Elements Incarnate, #1)	Timothy E. Forck	3.60	10	https://www.goodreads.com/book/show/21945617-where-embers-glow-a-fire-burns
It Lives in The Basement	Sahara Foley	3.58	413	https://www.goodreads.com/book/show/22474538-it-lives-in-the-basement
Spark of Light (Avery, #1)	Alex Tuttle	3.83	102	https://www.goodreads.com/book/show/23103340-spark-of-light
Dakiti (Ziva Payvan, #1)	EJ Fisch	3.90	191	https://www.goodreads.com/book/show/22395245-dakiti
Nexus (Ziva Payvan, #2)	EJ Fisch	4.30	74	https://www.goodreads.com/book/show/23359153-nexus
The Complete 8-Book Vampire Love Story Saga	H.T. Night	4.02	53	https://www.goodreads.com/book/show/28098253-the-complete-8-book-vampire-love-story-saga
Lose A Princess, Lose Your Head (Merchant Blades #2)	Alex Avrio	4.45	22	https://www.goodreads.com/book/show/35649590-lose-a-princess-lose-your-head
Whence They Came: The Beginning	Josephine Leonard	4.40	10	https://www.goodreads.com/book/show/41882233-whence-they-came
Shatter (The Regina Logs #2)	Annya Ginger	4.71	38	https://www.goodreads.com/book/show/42741244-shatter
Genie-Alogy	H.B. Morris	4.54	65	https://www.goodreads.com/book/show/25410135-genie-alogy
Omniphage	Anthony Stevens	3.20	5	https://www.goodreads.com/book/show/16142787-omniphage
My Wolf King (Wolf Town Guardians, #1)	Rose Wynters	3.39	370	https://www.goodreads.com/book/show/18173687-my-wolf-king
Two (One Universe #2)	LeighAnn Kopans	3.85	194	https://www.goodreads.com/book/show/18073957-two
The Seer (The Tellaran, #1)	Ariel MacArran	3.86	276	https://www.goodreads.com/book/show/20948047-the-seer
To Walk in the Way of Lions (Upper Kingdom, #2)	H. Leighton Dickson	4.26	204	https://www.goodreads.com/book/show/21564028-to-walk-in-the-way-of-lions
AlterWorld (Play to Live #1)	D. Rus	4.15	6,600	https://www.goodreads.com/book/show/22812333-alterworld
The Phantasist	S.J. Hirons	4.50	2	https://www.goodreads.com/book/show/21715065-the-phantasist
The Cartel (The Apprentice, #1; The Twelve Systems Chronicles, #1)	E.G. Manetti	3.90	163	https://www.goodreads.com/book/show/18401934-the-cartel
Paralysis Paradox (Time Travel Through Past Lives Adventure #1)	Stewart Sanders	3.31	117	https://www.goodreads.com/book/show/25358728-paralysis-paradox
The Dark Heart (Les Fées: The French Fae Legend, #2)	Emma V. Leech	4.40	450	https://www.goodreads.com/book/show/28674084-the-dark-heart
Stone Will (Dragon Heart, #1)	Kirill Klevanski	4.28	2,606	https://www.goodreads.com/book/show/49433783-stone-will
In Paris... (Undertakers Inc. #2)	J.C. Compton	5.00	4	https://www.goodreads.com/book/show/58589778-in-paris
A New Age (Book of One, #1)	Jordan Baker	3.85	1,087	https://www.goodreads.com/book/show/18117968-a-new-age
Bear of a Storm	Sahara Foley	4.83	77	https://www.goodreads.com/book/show/22474544-bear-of-a-storm
Broken Skies (Broken Skies #1)	Theresa Kay	4.03	1,587	https://www.goodreads.com/book/show/20486404-broken-skies
Revelations (Ruin, #2)	Lucian Bane	4.34	360	https://www.goodreads.com/book/show/23287353-revelations
Beloved Sacrifice	Lorraine Carey	4.75	53	https://www.goodreads.com/book/show/24845936-beloved-sacrifice
The Starbirth Assignment: Shifter (Starbirth, #1 part 1)	J.M. Johnson	4.02	120	https://www.goodreads.com/book/show/19350065-the-starbirth-assignment
Genie-alogy	H.B. Morris	4.54	65	https://www.goodreads.com/book/show/25410136-genie-alogy
Keeper of the Unicorns	Sahara Foley	4.51	88	https://www.goodreads.com/book/show/22474550-keeper-of-the-unicorns
Shroud of Darkness (The Chronicles of Celadmore #4)	C.S. Woolley	4.44	9	https://www.goodreads.com/book/show/17883588-shroud-of-darkness
The Judgement (Ruin, #3)	Lucian Bane	4.31	263	https://www.goodreads.com/book/show/23343397-the-judgement
Mysteria	David Hayes	4.65	48	https://www.goodreads.com/book/show/35423804-mysteria
Gathering Water (Gathering Water, #1)	Regan Claire	3.91	1,656	https://www.goodreads.com/book/show/20418593-gathering-water
Rising Empire: Part 1 (The Chronicles of Celadmore #1)	C.S. Woolley	4.37	19	https://www.goodreads.com/book/show/18740635-rising-empire
Enigma of Life (Enigma #1)	Shandi Boyes	4.31	1,077	https://www.goodreads.com/book/show/36514726-enigma-of-life
Pucker Up (Damsels of Distress, #1)	R.A. Gates	3.68	150	https://www.goodreads.com/book/show/16111205-pucker-up
In Memory of Michelle	Sahara Foley	4.74	70	https://www.goodreads.com/book/show/22474547-in-memory-of-michelle
Lady of Fire (The Chronicles of Celadmore #5)	C.S. Woolley	4.50	8	https://www.goodreads.com/book/show/17883595-lady-of-fire
Dune (Dune #1)	Frank Herbert	4.24	975,437	https://www.goodreads.com/book/show/234225.Dune
Logan (Life After, #2.5)	Julie Hall	4.26	277	https://www.goodreads.com/book/show/36682968-logan
Transcendence: Aurora Rising Book Three (Aurora Rhapsody, #3)	G.S. Jennsen	4.32	1,144	https://www.goodreads.com/book/show/25041875-transcendence
Starship Troopers	Robert A. Heinlein	4.00	210,123	https://www.goodreads.com/book/show/17214.Starship_Troopers
Dance of the Goblins (The Goblin, #1)	Jaq D. Hawkins	3.73	100	https://www.goodreads.com/book/show/384177.Dance_of_the_Goblins
Kodiak's Claim (Kodiak Point, #1)	Eve Langlais	3.87	5,803	https://www.goodreads.com/book/show/22588093-kodiak-s-claim
Contract of Defiance (Spectras Arise Trilogy, #1)	Tammy Salyer	3.94	319	https://www.goodreads.com/book/show/22616486-contract-of-defiance
Contract of Betrayal (Spectras Arise Trilogy, #2)	Tammy Salyer	3.87	114	https://www.goodreads.com/book/show/22616516-contract-of-betrayal
Demoniac Dance (The Goblin #2)	Jaq D. Hawkins	4.28	40	https://www.goodreads.com/book/show/13601727-demoniac-dance
The Wake of the Dragon	Jaq D. Hawkins	4.05	65	https://www.goodreads.com/book/show/13635472-the-wake-of-the-dragon
Hallowed be thy Name	Anthony Hulse	4.40	109	https://www.goodreads.com/book/show/23175082-hallowed-be-thy-name
Contract of War (Spectras Arise Trilogy, #3)	Tammy Salyer	4.01	82	https://www.goodreads.com/book/show/22688451-contract-of-war
Forever and Ever	Anthony Hulse	4.05	100	https://www.goodreads.com/book/show/22450983-forever-and-ever
Imperfect Weapon	A.B. Potts	4.50	18	https://www.goodreads.com/book/show/13085847-imperfect-weapon
The Crystal Sphere (The Neuro #1)	Andrei Livadny	4.05	585	https://www.goodreads.com/book/show/33357877-the-crystal-sphere
Chief of Thrones	Allison Cassatta	4.39	36	https://www.goodreads.com/book/show/13632811-chief-of-thrones
Desperate Times (Permadeath #1)	Matthew Sylvester	3.49	47	https://www.goodreads.com/book/show/33225868-desperate-times
The Phantom Castle (The Way of the Shaman, #4)	Vasily Mahanenko	4.16	4,106	https://www.goodreads.com/book/show/32687007-the-phantom-castle
Video Game Plotline Tester (The Dark Herbalist #1)	Michael Atamanov	4.20	2,573	https://www.goodreads.com/book/show/32740785-video-game-plotline-tester
Song of the Mourning Dove: Dark Fairy Tales	Victoria Champion	3.85	13	https://www.goodreads.com/book/show/17200672-song-of-the-mourning-dove
The Lost (Redemption #2)	T. Galer	4.12	8	https://www.goodreads.com/book/show/17214438-the-lost
Cybersp@ce (Cybersp@ce #1)	Jeff W. Horton	4.29	34	https://www.goodreads.com/book/show/16165295-cybersp-ce
Untimed (Rules of the Regulator, #1)	Andy Gavin	3.90	686	https://www.goodreads.com/book/show/16277039-untimed
Lessons from an evil mind	Shawna Stewart	4.33	9	https://www.goodreads.com/book/show/17183971-lessons-from-an-evil-mind
The First Pillar (Everville, #1)	Roy Huff	3.61	703	https://www.goodreads.com/book/show/17250700-the-first-pillar
Summer Storm (The Wrath of the Northmen, #0.5)	Elizabeth Baxter	3.63	230	https://www.goodreads.com/book/show/16055205-summer-storm
Eternal Lovers (Sekhmet's Guardians, #1)	V.S. Nelson	4.14	59	https://www.goodreads.com/book/show/20444607-eternal-lovers
Road Like a River	Graeme Smith	4.09	11	https://www.goodreads.com/book/show/17258022-road-like-a-river
The Brightest Light	Scott J. Robinson	3.83	6	https://www.goodreads.com/book/show/14622537-the-brightest-light
A Film About Billy	Daniel McCloskey	4.17	29	https://www.goodreads.com/book/show/15980763-a-film-about-billy
The Stolen Karma Of Nathaniel Valentine (Books Of Balance, #1)	Justin Bloch	4.07	27	https://www.goodreads.com/book/show/17225618-the-stolen-karma-of-nathaniel-valentine
Black Sea Gods (Chronicles of Fu Xi, #1)	Brian Braden	3.85	95	https://www.goodreads.com/book/show/17410957-black-sea-gods
The Cerberus Rebellion	Joshua Johnson	3.37	27	https://www.goodreads.com/book/show/15725377-the-cerberus-rebellion
Rebirth (The Afflicted #1)	Ravin Tija Maurice	4.09	22	https://www.goodreads.com/book/show/17402834-rebirth
Hungry Ghost (Tales of the Pack, #2)	Allison Moon	3.82	154	https://www.goodreads.com/book/show/17561148-hungry-ghost
Under a Twisted Moon	Susan Simone	4.36	28	https://www.goodreads.com/book/show/17793764-under-a-twisted-moon
The MageStaff	Rob McShane	4.50	8	https://www.goodreads.com/book/show/12903360-the-magestaff
After The Darkness: Episode One	SunHi Mistwalker	3.47	49	https://www.goodreads.com/book/show/13601895-after-the-darkness
Aire	Lena Goldfinch	3.70	241	https://www.goodreads.com/book/show/17563725-aire
The Guardians (The Guardians, #1)	Jennifer Raygoza	3.68	124	https://www.goodreads.com/book/show/17839331-the-guardians
The Resurrection of Hannah (Samantha Clark Mystery #1)	Kathryne Arnold	4.22	78	https://www.goodreads.com/book/show/12082836-the-resurrection-of-hannah
Painted (The Forever Series, #1)	Eliza Wyatt	4.19	31	https://www.goodreads.com/book/show/17876743-painted
The Trust Casefiles	Lee Cushing	4.29	31	https://www.goodreads.com/book/show/18045362-the-trust-casefiles
Obsession (Talisman, #1)	Sofia Grey	3.78	180	https://www.goodreads.com/book/show/18039124-obsession
Fury of the Fifth Angel (Chronos Initiative, #1)	William Turnage	3.80	170	https://www.goodreads.com/book/show/17974986-fury-of-the-fifth-angel
Longevity (Longevity Law Enforcement, #1)	S.J. Hunter	3.74	42	https://www.goodreads.com/book/show/13500377-longevity
Creating Monsters	Christopher Rankin	3.51	154	https://www.goodreads.com/book/show/16160448-creating-monsters
The Angels' Pride	Steven Lindsay	4.16	56	https://www.goodreads.com/book/show/18169630-the-angels-pride
The Hidden Realms of Firestone	Linda David	4.25	12	https://www.goodreads.com/book/show/17655959-the-hidden-realms-of-firestone
Ultraviolet Catastrophe	Jamie Grey	3.65	269	https://www.goodreads.com/book/show/18041050-ultraviolet-catastrophe
Blood of Darkness: Genesis	Richard S. Hartmetz	3.80	5	https://www.goodreads.com/book/show/18292983-blood-of-darkness
The Inevitable	Daniel Hope	4.29	24	https://www.goodreads.com/book/show/18160568-the-inevitable
Dark Space (Rogue Hunter #2)	Kevis Hendrickson	3.94	49	https://www.goodreads.com/book/show/17982508-dark-space
Glyphics	J. Richard Singleton	3.44	27	https://www.goodreads.com/book/show/13284905-glyphics
The Merchant and the Menace (The Seraphinium, #1)	Daniel McHugh	3.67	189	https://www.goodreads.com/book/show/16112196-the-merchant-and-the-menace
Little Red Gem	D.L. Richardson	4.21	28	https://www.goodreads.com/book/show/18525150-little-red-gem
Echo Prophecy (Echo Trilogy, #1)	Lindsey Sparks (Fairleigh)	3.94	3,622	https://www.goodreads.com/book/show/18038336-echo-prophecy
vN (The Machine Dynasty, #1)	Madeline Ashby	3.45	2,956	https://www.goodreads.com/book/show/13033939-vn
Omni (Omni, #1)	Andrea Murray	3.58	98	https://www.goodreads.com/book/show/18679883-omni
Tethered (Birthright #1)	Brandi Leigh Hall	3.87	364	https://www.goodreads.com/book/show/18627447-tethered
The Polaris Uprising (Polaris, #1)	Jennifer Ibarra	4.05	115	https://www.goodreads.com/book/show/18046385-the-polaris-uprising
A Warrior's Redemption (The Warrior Kind #1)	Guy S. Stanton III	3.96	207	https://www.goodreads.com/book/show/18744221-a-warrior-s-redemption
States of Change	Andrew James Pritchard	3.50	2	https://www.goodreads.com/book/show/19077192-states-of-change
This Changes Everything (The Spanners, #1)	Sally Ember	3.77	122	https://www.goodreads.com/book/show/18772075-this-changes-everything
Dragon Nemesis	B.J. Whittington	4.11	53	https://www.goodreads.com/book/show/18747180-dragon-nemesis
The Killing Trial (Soldier Recruitment Trilogy, #1)	Drake R. Todd	4.38	21	https://www.goodreads.com/book/show/18836546-the-killing-trial
The Amalgam	Agustin Guerrero	4.33	3	https://www.goodreads.com/book/show/20261717-the-amalgam
The Red Rider	Randall Allen Dunn	4.20	80	https://www.goodreads.com/book/show/18297728-the-red-rider
Women's Work	Kari Aguila	3.69	129	https://www.goodreads.com/book/show/18921754-women-s-work
Immortal Eden (Immortal Earth, #1)	Steven Lindsay	4.47	17	https://www.goodreads.com/book/show/20517138-immortal-eden
Blaze Ignites (Scourge Survivor, #1)	J.L. Madore	4.12	252	https://www.goodreads.com/book/show/17833323-blaze-ignites
Hereafter (Afterlife #1)	Terri Bruce	3.64	131	https://www.goodreads.com/book/show/19489642-hereafter
Alpha	Taylor Hohulin	3.63	35	https://www.goodreads.com/book/show/18366276-alpha
Dragon Ties (The Chronicles of Shadow and Light #2)	Dusty Lynn Holloway	4.16	58	https://www.goodreads.com/book/show/21898823-dragon-ties
Light Under the House	Aaron L.	3.62	48	https://www.goodreads.com/book/show/21896515-light-under-the-house
Fractured Fairy Tales of the Twilight Zone	J. Cafesin	4.15	26	https://www.goodreads.com/book/show/19504319-fractured-fairy-tales-of-the-twilight-zone
Tenebrae Manor	P.S. Clinen	4.16	37	https://www.goodreads.com/book/show/21865136-tenebrae-manor
Spikebreaker	Gareth Lewis	3.02	56	https://www.goodreads.com/book/show/8893097-spikebreaker
Dining Out Around The Solar System	Clare O'Beara	4.18	56	https://www.goodreads.com/book/show/18399237-dining-out-around-the-solar-system
After Life Lessons: Book One (After Life Lessons #1)	Laila Blake	3.66	119	https://www.goodreads.com/book/show/21404852-after-life-lessons
The Last Dragon Slayer (Deathsworn Arc, #1)	Martyn Stanley	3.68	457	https://www.goodreads.com/book/show/20808720-the-last-dragon-slayer
Heirs of War, Crown of Flames (Heirs of War, #2)	Mara Valderran	4.33	36	https://www.goodreads.com/book/show/18666928-heirs-of-war-crown-of-flames
The App of Time Travel: Series 1 of 5	Joey Wargachuk	4.08	12	https://www.goodreads.com/book/show/22102072-the-app-of-time-travel
Grave Robber for Hire (Grave Robber #1)	Cassandra L. Shaw	3.95	55	https://www.goodreads.com/book/show/20875712-grave-robber-for-hire
Jackboot Britain	Daniel S. Fletcher	3.57	106	https://www.goodreads.com/book/show/22093713-jackboot-britain
Unseen	Ava Mallory	3.09	34	https://www.goodreads.com/book/show/22429335-unseen
Vanished from Dust (Vanished from Dust #1)	Shea Norwood	3.76	58	https://www.goodreads.com/book/show/18683373-vanished-from-dust
Gateway: Pioche	Jeff Dawson	4.20	15	https://www.goodreads.com/book/show/17289304-gateway
Infernal Choices: Part One BBW Serial Paranormal Romance (Eliza Black Chronicles Book 1)	Abigail Zelda Alder	3.00	4	https://www.goodreads.com/book/show/22729787-infernal-choices
The Noir Dera: Beacon of Sound	R.M. Garry	4.08	12	https://www.goodreads.com/book/show/22760930-the-noir-dera
Two Merchants and a Thief (Branded Souls, #1)	R.A. Baker	4.20	10	https://www.goodreads.com/book/show/22451851-two-merchants-and-a-thief
Premise	Galynn Hale	3.75	4	https://www.goodreads.com/book/show/22573603-premise
Dark Prophet (The Chronicles of Koa #2)	K.N. Lee	4.29	200	https://www.goodreads.com/book/show/20986468-dark-prophet
Woman King (Dark Horse Trilogy, #1)	Evette Davis	3.70	90	https://www.goodreads.com/book/show/23013536-woman-king
Weeks in Naviras	Chris Wimpress	3.92	36	https://www.goodreads.com/book/show/20361869-weeks-in-naviras
Stronger	Lani Woodland	4.42	31	https://www.goodreads.com/book/show/23109783-stronger
Dark Hope (The Devil's Assistant, #1)	H.D. Smith	3.83	871	https://www.goodreads.com/book/show/22818108-dark-hope
An Enchanting Time	Virginia Aird	3.96	24	https://www.goodreads.com/book/show/17856604-an-enchanting-time
Woman of Silk and Stone	Mattie Dunman	3.74	89	https://www.goodreads.com/book/show/23171266-woman-of-silk-and-stone
Talwan's Vengeance	Christy Newman	4.40	20	https://www.goodreads.com/book/show/22970604-talwan-s-vengeance
Hocus Pocus	Teresa Roblin	3.35	88	https://www.goodreads.com/book/show/19146017-hocus-pocus
The Immortality Game	Ted Cross	3.68	267	https://www.goodreads.com/book/show/23548914-the-immortality-game
Dreamwalker	S. Seay	4.56	16	https://www.goodreads.com/book/show/22743127-dreamwalker
They Who Fell (They Who Fell, #1)	Kevin Kneupper	3.57	3,004	https://www.goodreads.com/book/show/22637998-they-who-fell
Conspiracy (The Keeper #6)	O.L. Ramos	4.60	25	https://www.goodreads.com/book/show/23569954-conspiracy
Melt Zone (Robert Spire #3)	Simon Rosser	3.88	129	https://www.goodreads.com/book/show/18460389-melt-zone
Dog Dance of Snikia	Richard Wolkomir	3.88	8	https://www.goodreads.com/book/show/23361849-dog-dance-of-snikia
The Leopard Vanguard (Leopard King Saga, #1)	T.A. Uner	3.95	156	https://www.goodreads.com/book/show/19549846-the-leopard-vanguard
The Death of Fear (The Damned Hunger Chronicles, #1)	D.B. Tarpley	3.82	17	https://www.goodreads.com/book/show/24238873-the-death-of-fear
Werewolf Nights	Mari Hamill	3.90	206	https://www.goodreads.com/book/show/22436841-werewolf-nights
The Experiment of Dreams	Brandon Zenner	3.58	1,624	https://www.goodreads.com/book/show/24006150-the-experiment-of-dreams
Broken Worlds: Dystopian Stories	Thomas Brown	3.61	44	https://www.goodreads.com/book/show/23629921-broken-worlds
Weresisters (Weresisters #1)	Shelley Stoehr	4.14	50	https://www.goodreads.com/book/show/23918260-weresisters
From Frights to Flaws (Alyssa McCarthy's Magical Missions, #1)	Sunayna Prasad	3.89	183	https://www.goodreads.com/book/show/18382145-from-frights-to-flaws
I Dreamt of Trees	Gilles DeCruyenaere	3.09	11	https://www.goodreads.com/book/show/25105930-i-dreamt-of-trees
Dying For Love	Morgan James	3.83	6	https://www.goodreads.com/book/show/24940046-dying-for-love
Lazarus Code	Sharon Van Orman	4.53	15	https://www.goodreads.com/book/show/25441227-lazarus-code
The Infected (PODs, #2)	Michelle K. Pickett	3.75	63	https://www.goodreads.com/book/show/25554492-the-infected
The Blood Maker and the Witch's Curse	Jaromy Henry	3.82	11	https://www.goodreads.com/book/show/25578258-the-blood-maker-and-the-witch-s-curse
Minder Rising (Central Galactic Concordance, #2)	Carol Van Natta	3.96	220	https://www.goodreads.com/book/show/25617862-minder-rising
Surrendering (Regent Vampire Lords, #1)	K.L. Kreig	3.94	1,320	https://www.goodreads.com/book/show/24329784-surrendering
Resistance: A Novel of Aerdh	B.R. Sanders	3.76	21	https://www.goodreads.com/book/show/22042997-resistance
Rise of the Anshar	Chris Hambleton	4.67	6	https://www.goodreads.com/book/show/18070939-rise-of-the-anshar
Waterstone	Priscilla Reno	3.71	17	https://www.goodreads.com/book/show/25403931-waterstone
Fireheart	Natalia Marx	3.43	21	https://www.goodreads.com/book/show/25882020-fireheart
Wielder of the Flame (Legacy of the Flame, #1)	Nikolas Rex	3.95	63	https://www.goodreads.com/book/show/25824969-wielder-of-the-flame
The Silver Codex (The Silver Codex #1)	Emily Kirby	4.22	9	https://www.goodreads.com/book/show/23494439-the-silver-codex
Wormhole Moon: An Alien Civilization’s Alliance With Earth	John Williams	3.56	9	https://www.goodreads.com/book/show/25699777-wormhole-moon
Demon's Blood	Shari Sakurai	3.96	25	https://www.goodreads.com/book/show/20506716-demon-s-blood
Faceless (Mortal Monsters, #1)	Monica Millard	3.97	59	https://www.goodreads.com/book/show/25978819-faceless
The Tarot Cards: Major Arcana	Christina Maharaj	3.57	14	https://www.goodreads.com/book/show/25834755-the-tarot-cards
Samhain (Unlocking the Nexus #1)	Ian Cadena	4.14	28	https://www.goodreads.com/book/show/26056981-samhain
Olari (The Blighted .5)	Mila N. Sankale	5.00	1	https://www.goodreads.com/book/show/26123556-olari
The Rift War	Emmanuel M. Arriaga	3.61	31	https://www.goodreads.com/book/show/26208458-the-rift-war
Atlantis: On the Shores of Forever (Atlantis: The Antediluvian Chronicles, #1)	Jennifer McKeithen	4.34	61	https://www.goodreads.com/book/show/26831034-atlantis
Gunshot Victims Unit	Vaibhav Mukim	3.91	11	https://www.goodreads.com/book/show/26879866-gunshot-victims-unit
S.Y.P.H.E.N.	Cortez Law III	3.62	13	https://www.goodreads.com/book/show/26089129-s-y-p-h-e-n
Alawahea (The Azellian Affairs, #1)	Sara L. Daigle	4.10	30	https://www.goodreads.com/book/show/25859969-alawahea
Outpost (The Fylking, #1)	F.T. McKinstry	4.20	35	https://www.goodreads.com/book/show/26047906-outpost
Googolplex	K.G. Johansson	3.09	56	https://www.goodreads.com/book/show/25692698-googolplex
My Return to Planet Earth (The Chronicles of Jake, #1)	Peter Lewis Atkinson	3.97	31	https://www.goodreads.com/book/show/26402247-my-return-to-planet-earth
Coral & Bone	Tiffany Daune	3.78	442	https://www.goodreads.com/book/show/21826050-coral-bone
Airborn (Matt Cruse, #1)	Kenneth Oppel	4.18	24,133	https://www.goodreads.com/book/show/428042.Airborn
Preludes & Nocturnes (The Sandman, #1)	Neil Gaiman	4.22	234,594	https://www.goodreads.com/book/show/298317.Preludes_Nocturnes
Into the Outside	Lynda Engler	3.98	83	https://www.goodreads.com/book/show/26472591-into-the-outside
Mark & Karm	Alexander A. Nastasi	4.80	5	https://www.goodreads.com/book/show/28469966-mark-karm
Adaline (Adaline #1)	Denise Kawaii	4.02	134	https://www.goodreads.com/book/show/23104522-adaline
The Fall of the Gods (The Elynx Saga, #1)	Nicola Bagalà	3.92	13	https://www.goodreads.com/book/show/29349344-the-fall-of-the-gods
Blood of My Blood (Blood of My Blood, #1)	Joann L. Polite	0.00	0	https://www.goodreads.com/book/show/28934852-blood-of-my-blood
Under Dark Sky Law	Tamara Boyens	3.64	36	https://www.goodreads.com/book/show/27414069-under-dark-sky-law
Samantha Moon Boxed Set (Samantha Moon Adventures #1-8 + 4.5)	J.R. Rain	4.36	589	https://www.goodreads.com/book/show/21801589-samantha-moon-boxed-set
The Bow of Destiny	P.H. Solomon	3.72	271	https://www.goodreads.com/book/show/25763668-the-bow-of-destiny
Pearseus Bundle (Pearseus #1-3)	Nicholas C. Rossis	4.50	18	https://www.goodreads.com/book/show/23162904-pearseus-bundle
Other Hands	Thomas James	2.00	2	https://www.goodreads.com/book/show/30086627-other-hands
The Hobbit, or There and Back Again	J.R.R. Tolkien	4.28	3,225,117	https://www.goodreads.com/book/show/5907.The_Hobbit_or_There_and_Back_Again
Mr. Saxon & the Droid	Jim Neville	4.40	10	https://www.goodreads.com/book/show/30646126-mr-saxon-the-droid
Seeing Red (Ambassador #1)	Patty Jansen	3.87	1,069	https://www.goodreads.com/book/show/21762803-seeing-red
The Living God (The Equitas, #1)	Kaytalin Platt	3.35	95	https://www.goodreads.com/book/show/40006251-the-living-god
The Song of the Phoenix	Amy Lemco	4.12	8	https://www.goodreads.com/book/show/31240409-the-song-of-the-phoenix
Parallel	Shana Chartier	4.38	13	https://www.goodreads.com/book/show/30765141-parallel
Eve: The Awakening (Eve, #1)	Jenna Moreci	3.74	1,589	https://www.goodreads.com/book/show/25523025-eve
Ties That Bind (The Cloie Chronicles Book 1)	Torie James	4.62	16	https://www.goodreads.com/book/show/25899618-ties-that-bind
The Descendants	Wanda Harkins	4.05	57	https://www.goodreads.com/book/show/25307885-the-descendants
The Night Everything Fell Apart (The Nephilim, #1)	Joy Nash	3.79	24	https://www.goodreads.com/book/show/32195960-the-night-everything-fell-apart
Cursed by the Witch (The Coven #1)	Virginia Wade	2.85	13	https://www.goodreads.com/book/show/33283094-cursed-by-the-witch
Argonauts	Kevin Kneupper	3.47	412	https://www.goodreads.com/book/show/29692124-argonauts
Calliope Jones and The Last World Diver	Haylie Machado Hanson	4.42	65	https://www.goodreads.com/book/show/33952568-calliope-jones-and-the-last-world-diver
Chosen	Jerry Ibbotson	3.48	42	https://www.goodreads.com/book/show/5873851-chosen
Starved (Starved #1)	Kelleen Silveira	4.07	29	https://www.goodreads.com/book/show/33022144-starved
Aletheia (The Seventh River #1)	Megan I. Tennant	4.28	136	https://www.goodreads.com/book/show/34746355-aletheia
A Ghost of a Chance (The Poppy Jones Chronicles #1)	Gina Kay	4.38	8	https://www.goodreads.com/book/show/35212382-a-ghost-of-a-chance
Safe Zone (Extinction Cycle; Restoration 89 #1)	N.J. Paige	4.36	11	https://www.goodreads.com/book/show/34748399-safe-zone
Prince Orlofsky, Vampire Hunter	Isabelle Glass	3.89	9	https://www.goodreads.com/book/show/35065888-prince-orlofsky-vampire-hunter
The Progeny	Shelley Crowley	4.43	28	https://www.goodreads.com/book/show/35563345-the-progeny
The Alchemist's Box (Merchant Blades #1)	Alex Avrio	4.10	67	https://www.goodreads.com/book/show/34686701-the-alchemist-s-box
Free Fall (Z is for Zombie, #0.5)	Peter Cawdron	3.58	499	https://www.goodreads.com/book/show/27423693-free-fall
The Ascendance Protocol: Endeavour	Chris Scott	5.00	6	https://www.goodreads.com/book/show/36620006-the-ascendance-protocol
Charlotte's Pact (Demons in New York, #1)	Laurèn Lee	3.83	66	https://www.goodreads.com/book/show/34659958-charlotte-s-pact
God Drug	Stephen L. Antczak	3.42	43	https://www.goodreads.com/book/show/35433572-god-drug
When the Earth Had a Moon: Part 1	A.M. Cunning	3.48	67	https://www.goodreads.com/book/show/36104720-when-the-earth-had-a-moon
Dark of Night (Ashwood Red #1)	Jex Lane	3.99	843	https://www.goodreads.com/book/show/38111877-dark-of-night
Finding Magic (The Excelsior Witch Chronicles, #1)	Lyn McClenathan	4.42	12	https://www.goodreads.com/book/show/38746411-finding-magic
Sleeping Rose (Rumple's Curse #1)	Erin West	3.95	262	https://www.goodreads.com/book/show/39290989-sleeping-rose
Girl, Bitten (Girl, Vampire, #1)	Graceley Knox	3.70	359	https://www.goodreads.com/book/show/38739007-girl-bitten
The Black Cell (Virion #1)	R.L.M. Sanchez	4.35	23	https://www.goodreads.com/book/show/38229815-the-black-cell
Time Crawlers	Varun Sayal	3.71	519	https://www.goodreads.com/book/show/40540847-time-crawlers
Planet Adyn (Theonite, #1)	M.L. Wang	3.78	515	https://www.goodreads.com/book/show/30077795-planet-adyn
Transported	Garry Abbott	4.33	6	https://www.goodreads.com/book/show/41595061-transported
The Sword of Kaigen	M.L. Wang	4.46	7,292	https://www.goodreads.com/book/show/41886271-the-sword-of-kaigen
Dahlia (Dark Desire #1)	Viola Calvary	4.22	72	https://www.goodreads.com/book/show/40599144-dahlia
Dragon Touched Full Series: Books 1-3	Louise Meyers	3.50	8	https://www.goodreads.com/book/show/39281738-dragon-touched-full-series
V Games (The Vampire Games, #1)	Caroline Peckham	4.06	2,298	https://www.goodreads.com/book/show/36001892-v-games
Shadows Within (Chronicles of the Allmothers, #1)	Khidra Kay	3.75	4	https://www.goodreads.com/book/show/42206050-shadows-within
Evershade (The Shifter Chronicles #1)	Michelle Areaux	3.17	115	https://www.goodreads.com/book/show/38342150-evershade
The Salvation of Jeffrey Lapin	Summer Kinard	4.54	13	https://www.goodreads.com/book/show/23454949-the-salvation-of-jeffrey-lapin
Flunky: Pawns and Kings	Michael Rickard	4.11	9	https://www.goodreads.com/book/show/42515809-flunky
The Blooddoll Factory	Stacey Carroll	4.33	9	https://www.goodreads.com/book/show/41836416-the-blooddoll-factory
The Fifth Cycle	Tobor Eichmann	3.89	18	https://www.goodreads.com/book/show/42099698-the-fifth-cycle
Adventures in Ayr: A New World	Richard Gregory	4.80	5	https://www.goodreads.com/book/show/42063857-adventures-in-ayr
Somnus (The Regina Logs #1)	Annya Ginger	4.20	51	https://www.goodreads.com/book/show/42404661-somnus
Skull Flowers	Jazon Dion Fletcher	2.62	144	https://www.goodreads.com/book/show/42765699-skull-flowers
The Fifth Civilization (The Fifth Civilization #1)	Peter Bingham-Pankratz	3.63	30	https://www.goodreads.com/book/show/30040470-the-fifth-civilization
Doomware	Nathan Kuzack	3.99	136	https://www.goodreads.com/book/show/24376600-doomware
Unju - The Jump	Gleneley Stander	4.75	16	https://www.goodreads.com/book/show/44590965-unju---the-jump
The Secret of the Zipacna Dragons: A Tale of Adijari	S.P. Jayaraj	4.50	12	https://www.goodreads.com/book/show/41733260-the-secret-of-the-zipacna-dragons
Astraeus	Haley Cavanagh	4.06	64	https://www.goodreads.com/book/show/42207961-astraeus
Green Mist Rising (Green Mist Chronicles #1)	N.R. Gurney	3.67	3	https://www.goodreads.com/book/show/44778112-green-mist-rising
The Vampire Gideon's Suicide Hotline and Halfway House for Orphaned Girls	Andrew Katz	3.99	213	https://www.goodreads.com/book/show/41064864-the-vampire-gideon-s-suicide-hotline-and-halfway-house-for-orphaned-girl
Into the Wildbarrens (The Gems of Elsana #1)	Christian Sterling	4.06	224	https://www.goodreads.com/book/show/45439751-into-the-wildbarrens
Dome	Bryan A. Young	4.17	12	https://www.goodreads.com/book/show/44859805-dome
Fallen World	Simon Emery	4.29	7	https://www.goodreads.com/book/show/49779856-fallen-world
Animatron (Masterdom, #1)	R.J. Breemer	4.65	23	https://www.goodreads.com/book/show/51314746-animatron
Heart of a Dragon (The DeChance Chronicles, #1)	David Niall Wilson	3.60	70	https://www.goodreads.com/book/show/17301265-heart-of-a-dragon
Finding My Lich (Abaddon #1)	Christina Winds	4.55	22	https://www.goodreads.com/book/show/44423522-finding-my-lich
U-10	Sam B. Miller II	4.32	379	https://www.goodreads.com/book/show/51106657-u-10
Callasandra: Fractured	Stephanie Douglas	4.43	21	https://www.goodreads.com/book/show/41726040-callasandra
The Naiyro and the Beckoning Eroded Stone	Nada Almarri	4.47	36	https://www.goodreads.com/book/show/52379768-the-naiyro-and-the-beckoning-eroded-stone
Planet of Muladi: A Collection of Short Stories	Bella D.	4.50	12	https://www.goodreads.com/book/show/50808024-planet-of-muladi
Throne of Lies (Amethysta Trilogy, #1)	Sara Secora	4.11	129	https://www.goodreads.com/book/show/31332567-throne-of-lies
The Magicians of Elephant County	Adam Perry	3.99	74	https://www.goodreads.com/book/show/37946129-the-magicians-of-elephant-county
Plague of Witches	John Patrick Kennedy	3.95	83	https://www.goodreads.com/book/show/49629717-plague-of-witches
Between Magic and Dreams	Bryan Covington	4.67	6	https://www.goodreads.com/book/show/45420980-between-magic-and-dreams
Chosen (The Cassandra Programme #1)	O.M. Faure	3.55	249	https://www.goodreads.com/book/show/50895491-chosen
Souled Out (Ell Clyne, #1)	Blakely Chorpenning	4.00	48	https://www.goodreads.com/book/show/45881792-souled-out
The Dawn of Evil (The Wages of Sin, #5)	L.E. Parker	3.91	22	https://www.goodreads.com/book/show/43746510-the-dawn-of-evil
Death of a Paradise (Chronomancer and the Time God #1)	James Meadows	4.56	18	https://www.goodreads.com/book/show/49238304-death-of-a-paradise
A Storm of Silver and Ash (The Oncoming Storm, #1)	Marion Blackwood	3.91	574	https://www.goodreads.com/book/show/50743082-a-storm-of-silver-and-ash
Henry's Horsemen	Benjamin S. Hartman	0.00	0	https://www.goodreads.com/book/show/52962758-henry-s-horsemen
Made of Magic and True Grit (The Wingless, #1)	Landry-Daniel Lie	4.44	9	https://www.goodreads.com/book/show/52677023-made-of-magic-and-true-grit
Phoenix (Queen's Avatar #1)	T.S. Alexander	4.21	29	https://www.goodreads.com/book/show/48897625-phoenix
Blood and Water (Elemental Dragons, #1)	Jessica Turnbull	4.08	24	https://www.goodreads.com/book/show/48549904-blood-and-water
Venom and Earth (Elemental Dragons, #2)	Jessica Turnbull	4.25	8	https://www.goodreads.com/book/show/52787127-venom-and-earth
Plague Arcanist (Frith Chronicles, #4)	Shami Stovall	4.58	972	https://www.goodreads.com/book/show/52097664-plague-arcanist
Run for the Mountains	Jude Caze	5.00	3	https://www.goodreads.com/book/show/53973185-run-for-the-mountains
Winds of Change (The Shaper Chronicles #1)	Ethan Westhoff	5.00	5	https://www.goodreads.com/book/show/54125560-winds-of-change
Chosen	Marla Meyers	3.79	24	https://www.goodreads.com/book/show/54228976-chosen
Pekari - The Azure Fish (Whisperers of the Gods, #2)	Guenevere Lee	4.27	15	https://www.goodreads.com/book/show/51471691-pekari---the-azure-fish
The Peacock Door (The Peacock Door Tales #1)	Wanda Kay Knight	4.58	24	https://www.goodreads.com/book/show/35358898-the-peacock-door
My Ex-Wife Said Go to Hell (Immortal Divorce Court #1)	Kirk Zurosky	4.15	118	https://www.goodreads.com/book/show/53522885-my-ex-wife-said-go-to-hell
The Day I Killed God	Nick Totem	3.17	23	https://www.goodreads.com/book/show/55407461-the-day-i-killed-god
Destined	Allison Kraft	3.95	151	https://www.goodreads.com/book/show/12453199-destined
The Present (VanWest, #2)	Kenneth Thomas	4.27	10,366	https://www.goodreads.com/book/show/54775299-the-present
Cursed Legacy (The Windhaven Witches #4)	Carissa Andrews	4.62	89	https://www.goodreads.com/book/show/55737554-cursed-legacy
The Witching Vault	Kathrin Hutson	4.00	565	https://www.goodreads.com/book/show/55337058-the-witching-vault
The Weight of Dusk	Cooper Jacobus	4.17	6	https://www.goodreads.com/book/show/55844395-the-weight-of-dusk
The Guest in the Shed (The One with Blue Eyes #1)	Seryna Asola	4.30	20	https://www.goodreads.com/book/show/55702646-the-guest-in-the-shed
Banquet (Lesbians in Space #1)	Adan Ramie	3.38	21	https://www.goodreads.com/book/show/34944071-banquet
The Illusion of Murder (Illusions and Shadows #1)	Diane Henson	5.00	6	https://www.goodreads.com/book/show/37593981-the-illusion-of-murder
Infinit. The last bridge of Sam.	Mariia Nova	4.23	53	https://www.goodreads.com/book/show/56572464-infinit-the-last-bridge-of-sam
Covenant (The Forbidden, #1)	Jeanne McDonald	4.49	45	https://www.goodreads.com/book/show/55808072-covenant
Earth's Angels (The Earth's Angels Trilogy #1)	Beth Worsdell	4.22	105	https://www.goodreads.com/book/show/42305646-earth-s-angels
A Bargain of Blood and Gold (Midnight Guardians #1)	Kristin Jacques	4.14	194	https://www.goodreads.com/book/show/57435539-a-bargain-of-blood-and-gold
Balanced on the Blade's Edge (Dragon Blood, #1)	Lindsay Buroker	3.93	6,517	https://www.goodreads.com/book/show/21797289-balanced-on-the-blade-s-edge
The Apprentice Storyteller (Wishmaster #1)	Astrid V.J.	4.38	71	https://www.goodreads.com/book/show/56247940-the-apprentice-storyteller
To the Core: Book I	The Morpheus Collective	4.27	100	https://www.goodreads.com/book/show/56175626-to-the-core
Allure of Oartheca	James Siewert	4.80	20	https://www.goodreads.com/book/show/58158171-allure-of-oartheca
Rights of Use (Project Black Book #1)	Shannon Eichorn	4.14	28	https://www.goodreads.com/book/show/40774221-rights-of-use
Effacement	Hieronymus Hawkes	4.30	1,114	https://www.goodreads.com/book/show/56899719-effacement
Meet Me in the Stars	Elizabeth J.M. Walker	4.18	11	https://www.goodreads.com/book/show/58537053-meet-me-in-the-stars
The Devil's Workshop	Donnally Miller	3.81	27	https://www.goodreads.com/book/show/40634640-the-devil-s-workshop
Optimal Power	Chris Edwards	4.50	2	https://www.goodreads.com/book/show/58509189-optimal-power
Blooded	Nat Kennedy	3.73	45	https://www.goodreads.com/book/show/58737104-blooded
Aline and the Blue Bottle	Carolina Ugaz-Morán	3.70	33	https://www.goodreads.com/book/show/48749440-aline-and-the-blue-bottle
Kill Karma (Agents of Karma, #1)	Kelly L. Marsh	4.25	8	https://www.goodreads.com/book/show/59373445-kill-karma
Mech - Heart & Soul (The Mech Trilogy, #1)	Ken Deeprose	4.53	15	https://www.goodreads.com/book/show/58305792-mech---heart-soul
Rising Wind	Mary Evans	4.67	3	https://www.goodreads.com/book/show/58703781-rising-wind
The Calling (Redemption #1)	T. Galer	2.83	6	https://www.goodreads.com/book/show/17214398-the-calling
The Way of Nacor (Tales of Eden, #1)	Jeff W. Horton	4.74	19	https://www.goodreads.com/book/show/16045953-the-way-of-nacor
The Darkening Dream	Andy Gavin	3.76	663	https://www.goodreads.com/book/show/13288137-the-darkening-dream
Everwinter (The Wrath of the Northmen, #1)	Elizabeth Baxter	3.82	96	https://www.goodreads.com/book/show/16159644-everwinter
Fat Chance	R.J. Leahy	4.24	228	https://www.goodreads.com/book/show/17282425-fat-chance
Down Home	Gail Roughton	4.41	29	https://www.goodreads.com/book/show/16073582-down-home
A Different Kind Of Heaven	Scott J. Robinson	4.00	4	https://www.goodreads.com/book/show/16093780-a-different-kind-of-heaven
The Torment, The Shadow, The Heart (The Hero of Talbadas #1)	T.M. Shannon	3.57	7	https://www.goodreads.com/book/show/17379773-the-torment-the-shadow-the-heart
Lunatic Fringe (Tales of the Pack, #1)	Allison Moon	3.35	499	https://www.goodreads.com/book/show/12506433-lunatic-fringe
A Stolen Crown (The Book of One, #2)	Jordan Baker	3.90	749	https://www.goodreads.com/book/show/18904393-a-stolen-crown
Eyes Like Blue Fire	Amanda M. Lyons	3.77	30	https://www.goodreads.com/book/show/17735429-eyes-like-blue-fire
Eden	Matthew Plourde	3.71	252	https://www.goodreads.com/book/show/13611961-eden
The Language of Souls	Lena Goldfinch	3.60	314	https://www.goodreads.com/book/show/15848469-the-language-of-souls
Blood Slave	Travis Luedke	3.28	741	https://www.goodreads.com/book/show/17181677-blood-slave
A Soul for Trouble (Soulbearer, #1)	Crista McHugh	3.78	1,477	https://www.goodreads.com/book/show/13400139-a-soul-for-trouble
Inquest (Rogue Hunter #1)	Kevis Hendrickson	3.58	139	https://www.goodreads.com/book/show/16003569-inquest
The Dog on the Moon (Longevity Law Enforcement, #3)	S.J. Hunter	3.92	12	https://www.goodreads.com/book/show/16090950-the-dog-on-the-moon
The Firestone Crystal	Linda David	3.73	30	https://www.goodreads.com/book/show/13413769-the-firestone-crystal
The Mirror and the Maelstrom (The Seraphinium, #4)	Daniel McHugh	3.87	76	https://www.goodreads.com/book/show/16182998-the-mirror-and-the-maelstrom
Feedback	D.L. Richardson	4.06	64	https://www.goodreads.com/book/show/17832294-feedback
After The Ending (The Ending, #1)	Lindsey Sparks (Fairleigh)	3.76	5,275	https://www.goodreads.com/book/show/16075905-after-the-ending
Ann Marie's Asylum (Master and Apprentice, #1)	Christopher Rankin	3.43	128	https://www.goodreads.com/book/show/19358045-ann-marie-s-asylum
iD (The Machine Dynasty, #2)	Madeline Ashby	3.62	663	https://www.goodreads.com/book/show/16127258-id
The Healer (The Healer, #1)	C.J. Anaya	4.09	1,405	https://www.goodreads.com/book/show/21771708-the-healer
Atlas	Benjamin R. Smith	3.89	1,169	https://www.goodreads.com/book/show/14426859-atlas
The Third Sign	Michelle O'Leary	3.89	101	https://www.goodreads.com/book/show/18626110-the-third-sign
Tagged: The Apocalypse	Joseph M. Chiron	3.27	362	https://www.goodreads.com/book/show/19492453-tagged
Dragon Dreams (The Chronicles of Shadow and Light #1)	Dusty Lynn Holloway	3.90	272	https://www.goodreads.com/book/show/12928626-dragon-dreams
A Concealed Inferno In Plain Sight (Elements Incarnate, #2)	Timothy E. Forck	3.33	3	https://www.goodreads.com/book/show/21945646-a-concealed-inferno-in-plain-sight
Eat Fish and Die	S. Ron Mars	3.64	39	https://www.goodreads.com/book/show/16084340-eat-fish-and-die
The Verkreath Horror (Deathsworn Arc, #2)	Martyn Stanley	4.02	122	https://www.goodreads.com/book/show/21966015-the-verkreath-horror
Heirs of War (Heirs of War, #1)	Mara Valderran	4.34	85	https://www.goodreads.com/book/show/18214181-heirs-of-war
Destination D.C.	Jeff Dawson	4.57	7	https://www.goodreads.com/book/show/18488053-destination-d-c
The Beast at the Gate	R.A. Baker	4.29	7	https://www.goodreads.com/book/show/17189855-the-beast-at-the-gate
Netherworld (The Chronicles of Koa #1)	K.N. Lee	3.78	650	https://www.goodreads.com/book/show/17931645-netherworld
Pieces of Jade (Pirates of Orea #1)	Lani Woodland	4.02	208	https://www.goodreads.com/book/show/15989683-pieces-of-jade
Dining Out with the Ice Giants (Dining Out Around The Solar System, #2)	Clare O'Beara	4.44	39	https://www.goodreads.com/book/show/23168984-dining-out-with-the-ice-giants
The Return	Christy Newman	4.33	21	https://www.goodreads.com/book/show/23327852-the-return
Now You See It...	Teresa Roblin	3.84	38	https://www.goodreads.com/book/show/19145871-now-you-see-it
Impact Point (Robert Spire #2)	Simon Rosser	3.82	186	https://www.goodreads.com/book/show/13818157-impact-point
Sinnabar	Richard Wolkomir	4.14	28	https://www.goodreads.com/book/show/23589119-sinnabar
Dark Awakened (The Devil's Assistant, #2)	H.D. Smith	4.08	485	https://www.goodreads.com/book/show/23605381-dark-awakened
The Leopard Apocalypse (Leopard King Saga, #3)	T.A. Uner	4.43	23	https://www.goodreads.com/book/show/23110100-the-leopard-apocalypse
Lick the Razor - the Definitive Collection	D.B. Tarpley	4.25	16	https://www.goodreads.com/book/show/23742469-lick-the-razor---the-definitive-collection
After the Fall - Tales of the Apocalypse	Kelly Gardner	3.59	135	https://www.goodreads.com/book/show/18583321-after-the-fall---tales-of-the-apocalypse
The Shard	Ted Cross	3.87	53	https://www.goodreads.com/book/show/25045416-the-shard
The Silvering	Sonya Deanna Terry	4.50	22	https://www.goodreads.com/book/show/24338975-the-silvering
Erato (Sophia Katsaros #2)	Sharon Van Orman	4.23	30	https://www.goodreads.com/book/show/20320295-erato
Overload Flux (Central Galactic Concordance, #1)	Carol Van Natta	3.86	689	https://www.goodreads.com/book/show/23392590-overload-flux
Ariah (Ariah, #1)	B.R. Sanders	3.78	370	https://www.goodreads.com/book/show/25450286-ariah
The Exchange	Chris Hambleton	3.00	7	https://www.goodreads.com/book/show/15724279-the-exchange
Troll Or Derby	Red Tash	3.74	211	https://www.goodreads.com/book/show/15706166-troll-or-derby
The Lotus Caretaker (The Lotus Caretaker #1)	Emily Kirby	4.83	6	https://www.goodreads.com/book/show/25839930-the-lotus-caretaker
Perfect World (Perfect World #1)	Shari Sakurai	3.74	35	https://www.goodreads.com/book/show/22295008-perfect-world
Waiting for the Machines to Fall Asleep	Peter Öberg	4.00	63	https://www.goodreads.com/book/show/25319732-waiting-for-the-machines-to-fall-asleep
Vampire Mansion: A Short Story	Alexis Tiger	3.38	13	https://www.goodreads.com/book/show/28194437-vampire-mansion
Curses & Ash (Coral & Bone, #2)	Tiffany Daune	4.25	80	https://www.goodreads.com/book/show/24676384-curses-ash
The Absolute Sandman, Volume Three	Neil Gaiman	4.70	7,193	https://www.goodreads.com/book/show/2186848.The_Absolute_Sandman_Volume_Three
Rise of the Prince (Pearseus, #1)	Nicholas C. Rossis	4.12	51	https://www.goodreads.com/book/show/19937367-rise-of-the-prince
Fair to Hope	Sam Reed	3.40	47	https://www.goodreads.com/book/show/30655576-fair-to-hope
Ambassador (Ambassador #1)	Patty Jansen	3.87	1,069	https://www.goodreads.com/book/show/18702545-ambassador
The Song of the Phoenix	Amy Lemco	4.12	8	https://www.goodreads.com/book/show/31240047-the-song-of-the-phoenix
Grey (Covenant of Shadows, #1)	Kade Cook	4.04	112	https://www.goodreads.com/book/show/31162967-grey
Timeless Desire (New Camelot, #2)	Torie N. James	4.60	53	https://www.goodreads.com/book/show/22499455-timeless-desire
The Dream Walker	Wanda Harkins	4.06	18	https://www.goodreads.com/book/show/30061032-the-dream-walker
Malsum Pass	Kimberly Forrest	4.03	91	https://www.goodreads.com/book/show/33358311-malsum-pass
The Black River Chronicles: Level One (Black River Academy #1)	David Tallerman	4.01	433	https://www.goodreads.com/book/show/32327701-the-black-river-chronicles
Areion (Lunar Medallion #1)	Lela Grayce	4.38	99	https://www.goodreads.com/book/show/35082827-areion
Mark of Truth (Wicked Kingdoms, #1)	Graceley Knox	3.77	866	https://www.goodreads.com/book/show/34878995-mark-of-truth
Spiral of Need (The Mercury Pack, #1)	Suzanne Wright	4.17	14,680	https://www.goodreads.com/book/show/25390016-spiral-of-need
Tanaquill	Akalle	3.35	468	https://www.goodreads.com/book/show/7703599-tanaquill
Just Like Animals (Werelock Evolution, #5)	Hettie Ivers	4.00	866	https://www.goodreads.com/book/show/40396105-just-like-animals
Ultima Meridian (The Fifth Civilization #2)	Peter Bingham-Pankratz	4.33	6	https://www.goodreads.com/book/show/43264798-ultima-meridian
Vintage Soul (The DeChance Chronicles, #2)	David Niall Wilson	4.09	44	https://www.goodreads.com/book/show/7670909-vintage-soul
Mad Love (New Beginning #1)	Terrance Geter	5.00	1	https://www.goodreads.com/book/show/50630357-mad-love
Atlantis - Empyrean Empire: Chapter 3	Vesa M. Lumielle	4.67	3	https://www.goodreads.com/book/show/51167920-atlantis---empyrean-empire
Blood Lies (Ell Clyne, #2)	Blakely Chorpenning	4.09	11	https://www.goodreads.com/book/show/50668827-blood-lies
The Birth of Death (The Wages of Sin, #4)	L.E. Parker	3.90	21	https://www.goodreads.com/book/show/40640622-the-birth-of-death
Arresting the Warlord (Coletti Warlords, #11.5)	Gail Koger	4.43	187	https://www.goodreads.com/book/show/53820253-arresting-the-warlord
The Guardians of Erum and the Calamitous Child of Socotra	A. Ali Hasan Ali	4.36	110	https://www.goodreads.com/book/show/54202904-the-guardians-of-erum-and-the-calamitous-child-of-socotra
Blue Screen: How Peter Gustafson Defragmented the World	Kyle Benzle	3.59	44	https://www.goodreads.com/book/show/51007638-blue-screen
Energon (Energon #1)	Boy Willeboordse	4.50	6	https://www.goodreads.com/book/show/55218606-energon
Sane Grace	Oliver Phipps	4.64	75	https://www.goodreads.com/book/show/55475793-sane-grace
The Past (VanWest, #1)	Kenneth Thomas	4.25	10,694	https://www.goodreads.com/book/show/53450218-the-past
Soul Legacy (The Windhaven Witches #2)	Carissa Andrews	4.47	118	https://www.goodreads.com/book/show/55737534-soul-legacy
Remaking Martin	Nezih Unen	4.32	19	https://www.goodreads.com/book/show/54307855-remaking-martin
By The Icehawk's Feather	Gisela Gibbon	4.57	7	https://www.goodreads.com/book/show/56310282-by-the-icehawk-s-feather
A Tangle of Deception	Diane Henson	5.00	4	https://www.goodreads.com/book/show/44677725-a-tangle-of-deception
Hong on the Range	William F. Wu	3.65	17	https://www.goodreads.com/book/show/53124339-hong-on-the-range
Love and Other Algorithms	Eamon Ambrose	4.02	49	https://www.goodreads.com/book/show/38590683-love-and-other-algorithms
The Marilians (The Earth’s Angels Trilogy #2)	Beth Worsdell	4.69	42	https://www.goodreads.com/book/show/51803905-the-marilians
Shockwave (Star Kingdom #1)	Lindsay Buroker	4.18	3,541	https://www.goodreads.com/book/show/45353889-shockwave
The Bystander	Harry Wolden	4.00	3	https://www.goodreads.com/book/show/57960370-the-bystander
Heirdom	Valerie Claussen	5.00	3	https://www.goodreads.com/book/show/58400177-heirdom
To the Core: Book II	The Morpheus Collective	4.30	71	https://www.goodreads.com/book/show/56532694-to-the-core
Retribution (Dominion, #3)	S.E. Lund	3.95	475	https://www.goodreads.com/book/show/16430789-retribution
Circle Spinner and Other Tales	Elizabeth Baxter	3.94	31	https://www.goodreads.com/book/show/17163488-circle-spinner-and-other-tales
Jack Shadow (Shadow Dance, #1)	Graeme Smith	3.39	18	https://www.goodreads.com/book/show/15839846-jack-shadow
When the Time Comes	Scott J. Robinson	4.62	8	https://www.goodreads.com/book/show/16067812-when-the-time-comes
Songstone	Lena Goldfinch	3.82	94	https://www.goodreads.com/book/show/17610485-songstone
A Dragon Born (Book of One, #3)	Jordan Baker	3.87	703	https://www.goodreads.com/book/show/17936645-a-dragon-born
Dragons and Dreams: Bedtime Stories: Illustrated	Becca Price	4.20	84	https://www.goodreads.com/book/show/20403214-dragons-and-dreams
The Burning Rivers (Longevity Law Enforcement, #2)	S.J. Hunter	4.20	10	https://www.goodreads.com/book/show/16074001-the-burning-rivers
Delicate Devastation (The Endurers, #3)	Rose Wynters	4.34	41	https://www.goodreads.com/book/show/18108444-delicate-devastation
The Pool and the Pedestal	Daniel McHugh	3.88	118	https://www.goodreads.com/book/show/12621491-the-pool-and-the-pedestal
The Bird with the Broken Wing	D.L. Richardson	3.91	97	https://www.goodreads.com/book/show/12841447-the-bird-with-the-broken-wing
White Magic Woman	Ju Ephraime	4.72	80	https://www.goodreads.com/book/show/17254152-white-magic-woman
This Changes My Family and My Life Forever (The Spanners, #2)	Sally Ember	4.20	15	https://www.goodreads.com/book/show/21841757-this-changes-my-family-and-my-life-forever
Breeders (Breeders Trilogy, #1)	Ashley Quigley	3.42	274	https://www.goodreads.com/book/show/22085400-breeders
Engines of Empire (Plexis, #1)	Ivan Kramer	3.18	22	https://www.goodreads.com/book/show/22586060-engines-of-empire
The Queen's World (Biosphere, #1)	Taren Baker	4.88	8	https://www.goodreads.com/book/show/18757727-the-queen-s-world
Dark Expanse (Bright Beyond, #0.5)	Theresa Kay	3.88	121	https://www.goodreads.com/book/show/20740415-dark-expanse
The Shadows (Poppy Farrell Mysteries #1)	Alyne de Winter	3.50	22	https://www.goodreads.com/book/show/23437524-the-shadows
Enter the Uncreated Night	Christopher Rankin	3.46	185	https://www.goodreads.com/book/show/23566413-enter-the-uncreated-night
Vaporized	Simon Rosser	3.51	83	https://www.goodreads.com/book/show/22840393-vaporized
Wil Deft	Richard Wolkomir	4.22	46	https://www.goodreads.com/book/show/23361195-wil-deft
Stone Ram (Leopard King Saga, #1.3)	T.A. Uner	3.36	39	https://www.goodreads.com/book/show/22747446-stone-ram
Learning to Kiss in the Snow	D.B. Tarpley	3.96	57	https://www.goodreads.com/book/show/22088616-learning-to-kiss-in-the-snow
The Cartel & Bright Star (The Twelve Systems Chronicles #1-2)	E.G. Manetti	4.26	23	https://www.goodreads.com/book/show/23705801-the-cartel-bright-star
Lord Fish	Ted Cross	4.12	17	https://www.goodreads.com/book/show/25803605-lord-fish
Ronan (Ziva Payvan, #3)	EJ Fisch	4.48	58	https://www.goodreads.com/book/show/25489794-ronan
Transgressions (The Apprentice, #3; The Twelve Systems Chronicles, #3)	E.G. Manetti	4.25	69	https://www.goodreads.com/book/show/23562925-transgressions
Doctor Who: Nothing O'Clock (Doctor Who 50th Anniversary E-Shorts #11)	Neil Gaiman	4.20	3,467	https://www.goodreads.com/book/show/20152562-doctor-who
The Blue Codex (The Blue Codex #1)	Emily Kirby	4.67	6	https://www.goodreads.com/book/show/29339898-the-blue-codex
Bill the Vampire (The Tome of Bill, #1)	Rick Gualtieri	3.82	5,946	https://www.goodreads.com/book/show/11927282-bill-the-vampire
Schism (Pearseus #0.5)	Nicholas C. Rossis	4.31	39	https://www.goodreads.com/book/show/20500059-schism
The Superiors (The Superiors, #1)	Lena Hillbrand	3.91	157	https://www.goodreads.com/book/show/11304510-the-superiors
A Thirty-Something Girl	Lisa M. Gott	3.72	245	https://www.goodreads.com/book/show/12408535-a-thirty-something-girl
Hell's Children	John L. Monk	4.13	658	https://www.goodreads.com/book/show/30342931-hell-s-children
Screw The Galaxy (Hard Luck Hank, #1)	Steven Campbell	3.90	4,236	https://www.goodreads.com/book/show/18694092-screw-the-galaxy
Mated to the Grizzly (Bears in Love, #1)	P.A. Vachon	3.75	52	https://www.goodreads.com/book/show/36644147-mated-to-the-grizzly
Reigning Ascent (The Pearson Prophecy #3)	Jen L. Grey	4.14	93	https://www.goodreads.com/book/show/38481136-reigning-ascent
Thirst (The Kresova Vampire Harems, #1)	Graceley Knox	3.72	659	https://www.goodreads.com/book/show/37571463-thirst
Sarazen's Claim (Sarazen Saga, #1)	Isabel Wroth	4.10	1,572	https://www.goodreads.com/book/show/31215185-sarazen-s-claim
The Bishop of Mars	Steven Charleston	4.04	28	https://www.goodreads.com/book/show/18690022-the-bishop-of-mars
Upon Us (Hope & Darkness series, #1)	Blakely Chorpenning	3.82	17	https://www.goodreads.com/book/show/52197151-upon-us
The Fall of Innocence (The Wages of Sin #3)	L.E. Parker	3.86	22	https://www.goodreads.com/book/show/40542933-the-fall-of-innocence
We Survivors: A Story from After the End	L.J. Thomas	4.27	157	https://www.goodreads.com/book/show/53002395-we-survivors
The Gazebo (Series of Doors #1)	A.C. Zito	4.77	53	https://www.goodreads.com/book/show/34648007-the-gazebo
The Planet Maker: A Collection	A.C. Zito	3.50	2	https://www.goodreads.com/book/show/45900180-the-planet-maker
Allegiant: Divergent Trilogy, Book 3 by Veronica Roth | Summary & Analysis	Book*Sense	4.13	62	https://www.goodreads.com/book/show/24486751-allegiant
Haunted Legacy (The Windhaven Witches #3)	Carissa Andrews	4.58	90	https://www.goodreads.com/book/show/55737549-haunted-legacy
Sanaa (Mother of Machines, #1)	Tishaun Dawson	4.29	7	https://www.goodreads.com/book/show/55880939-sanaa
Branchview: The Unexpected Journey	Brian Jay Nelson	5.00	12	https://www.goodreads.com/book/show/56244169-branchview
Beneath the Vanished World (The Fifth Civilization #3)	Peter Bingham-Pankratz	4.67	3	https://www.goodreads.com/book/show/56236834-beneath-the-vanished-world
Warped Justice	Diane Henson	5.00	4	https://www.goodreads.com/book/show/44677207-warped-justice
Dark (The Dark Trilogy #1)	Paul L. Arvidson	3.91	177	https://www.goodreads.com/book/show/41100184-dark
Destination Unknown (The Earth's Angels Trilogy, #3)	Beth Worsdell	4.77	31	https://www.goodreads.com/book/show/54260047-destination-unknown
The Emperor's Edge (The Emperor's Edge, #1)	Lindsay Buroker	4.04	13,623	https://www.goodreads.com/book/show/10031259-the-emperor-s-edge
To the Core: Book III	The Morpheus Collective	4.58	55	https://www.goodreads.com/book/show/56924816-to-the-core
Fragmented Silence: Elizabeth's Story	J.C. Compton	5.00	3	https://www.goodreads.com/book/show/58979944-fragmented-silence
A Comedy of Terrors	Graeme Smith	3.48	23	https://www.goodreads.com/book/show/15705926-a-comedy-of-terrors
Singing Other Worlds	Scott J. Robinson	4.14	7	https://www.goodreads.com/book/show/13627491-singing-other-worlds
Accidental Ashes (Xoe Meyers, #2)	Sara C. Roethle	3.99	610	https://www.goodreads.com/book/show/11523871-accidental-ashes
Those Who Provide	Jaq D. Hawkins	4.23	13	https://www.goodreads.com/book/show/15770951-those-who-provide
The Endlands (Volume 1)	Vincent Hobbes	3.92	126	https://www.goodreads.com/book/show/10044191-the-endlands
Curvaceous Condemnation (The Endurers, #2)	Rose Wynters	3.71	66	https://www.goodreads.com/book/show/17883157-curvaceous-condemnation
The Trees and the Night (The Seraphinium, #3)	Daniel McHugh	3.87	98	https://www.goodreads.com/book/show/15726564-the-trees-and-the-night
A Child of Fire (Book of One, #4)	Jordan Baker	3.84	615	https://www.goodreads.com/book/show/18335575-a-child-of-fire
Rayna of Nightwind: The First of the Taren Novels	R.A. Baker	4.50	10	https://www.goodreads.com/book/show/3385744-rayna-of-nightwind
Night, Rain and the City	Viktor Nochkin	3.22	9	https://www.goodreads.com/book/show/23111956-night-rain-and-the-city
The Leopard Stratagem (Leopard King Saga, #2)	T.A. Uner	4.35	62	https://www.goodreads.com/book/show/23259278-the-leopard-stratagem
Endeavor in Time	Chris Hambleton	3.61	71	https://www.goodreads.com/book/show/11375318-endeavor-in-time
The Death of Love (The Damned Hunger Chronicles #2)	D.B. Tarpley	3.78	9	https://www.goodreads.com/book/show/25909126-the-death-of-love
Fade To Black (The Weir Chronicles #1)	Sue Duff	3.88	60	https://www.goodreads.com/book/show/23157395-fade-to-black
Born of Water (The Rise of the Fifth Order, #1)	Autumn M. Birt	3.97	721	https://www.goodreads.com/book/show/25517302-born-of-water
The Bridge To Caracas (The King Trilogy #1)	Stephen Douglass	3.66	8,442	https://www.goodreads.com/book/show/22842297-the-bridge-to-caracas
Starman Jones	Robert A. Heinlein	3.86	7,873	https://www.goodreads.com/book/show/351.Starman_Jones
Fractured Fantasies Volume Two	Torie N. James	4.86	7	https://www.goodreads.com/book/show/29739480-fractured-fantasies-volume-two
Enlightened Ascent (The Pearson Prophecy #2)	Jen L. Grey	4.31	124	https://www.goodreads.com/book/show/37237969-enlightened-ascent
Dark Planet Warriors: The Complete Serial (Dark Planet Warriors, #1)	Anna Carven	4.03	4,907	https://www.goodreads.com/book/show/30087347-dark-planet-warriors
The Madonna of Mars	Steven Charleston	3.88	8	https://www.goodreads.com/book/show/36620887-the-madonna-of-mars
Renegade (The Spiral Wars, #1)	Joel Shepherd	4.26	3,197	https://www.goodreads.com/book/show/27787060-renegade
The Fury of the Fae	Bernie Morris	4.16	32	https://www.goodreads.com/book/show/21796528-the-fury-of-the-fae
The Wrath of Truth	L.E. Parker	3.92	24	https://www.goodreads.com/book/show/35400826-the-wrath-of-truth
After the bombs fell	Elyzabeth Johanna	4.08	74	https://www.goodreads.com/book/show/52407184-after-the-bombs-fell
Free Four: Tobias Tells the Divergent Knife-Throwing Scene (Divergent, #1.5)	Veronica Roth	4.12	98,576	https://www.goodreads.com/book/show/13615258-free-four
Secret Legacy (The Windhaven Witches, #1)	Carissa Andrews	3.95	367	https://www.goodreads.com/book/show/55737530-secret-legacy
An Orbiting Dilemma	Brett Wortham	4.00	3	https://www.goodreads.com/book/show/49509339-an-orbiting-dilemma
Witch of Shadows (Shadowhurst Mysteries, #1)	Alexis N. Sage	4.19	69	https://www.goodreads.com/book/show/56596501-witch-of-shadows
Sinister Magic (Death Before Dragons, #1)	Lindsay Buroker	4.06	5,980	https://www.goodreads.com/book/show/51474324-sinister-magic
Children of Hamelin	Theresa Dawn Sinclair	4.43	7	https://www.goodreads.com/book/show/15755469-children-of-hamelin
The Space Between	Scott J. Robinson	3.52	69	https://www.goodreads.com/book/show/13627494-the-space-between
Xoe: Vampires, and Werewolves, and Demons, Oh My! (Xoe Meyers, #1)	Sara C. Roethle	3.66	2,305	https://www.goodreads.com/book/show/7303250-xoe
The Endlands (Volume 2)	Vincent Hobbes	4.15	34	https://www.goodreads.com/book/show/16996863-the-endlands
Rubenesque Rapture (The Endurers, #1)	Rose Wynters	3.42	161	https://www.goodreads.com/book/show/17732928-rubenesque-rapture
A Broken Throne (Book of One, #5)	Jordan Baker	3.78	458	https://www.goodreads.com/book/show/20486845-a-broken-throne
Beneath the Willow	Gemma Farrow	4.42	148	https://www.goodreads.com/book/show/18857516-beneath-the-willow
The Bloody Ripper (Leopard King Saga, #1.2)	T.A. Uner	3.87	54	https://www.goodreads.com/book/show/20644223-the-bloody-ripper
Project Daily Grind (Mirror World, #1)	Alexey Osadchuk	4.13	2,738	https://www.goodreads.com/book/show/28507112-project-daily-grind
Breaking Strain (Venus Prime #1)	Paul Preuss	3.61	838	https://www.goodreads.com/book/show/149047.Breaking_Strain
A Swiftly Tilting Planet (Time Quintet, #3)	Madeleine L'Engle	4.07	110,533	https://www.goodreads.com/book/show/77276.A_Swiftly_Tilting_Planet
Fractured Fantasies Volume Three	Torie N. James	0.00	0	https://www.goodreads.com/book/show/30071494-fractured-fantasies-volume-three
Dawning Ascent (The Pearson Prophecy, #1)	Jen L. Grey	4.28	174	https://www.goodreads.com/book/show/36219054-dawning-ascent
Meeting the Dragon (Dragon Touched, #1)	Louise Meyers	3.80	5	https://www.goodreads.com/book/show/39281741-meeting-the-dragon
The Tao of Mars	Steven Charleston	4.17	12	https://www.goodreads.com/book/show/32944149-the-tao-of-mars
The Devil's Advocate	L.E. Parker	3.68	31	https://www.goodreads.com/book/show/33260689-the-devil-s-advocate
Kraken: Volume 3 (Kronos Rising #4)	Max Hawthorne	4.47	125	https://www.goodreads.com/book/show/53710855-kraken
Four: A Divergent Story Collection (Divergent, #0.1-0.4)	Veronica Roth	4.00	186,239	https://www.goodreads.com/book/show/18126198-four
Indigo Lost	Aleksandar Gutovic	4.00	6	https://www.goodreads.com/book/show/56061917-indigo-lost
Kingdoms at War (Dragon Gate, # 1)	Lindsay Buroker	4.44	1,654	https://www.goodreads.com/book/show/57662637-kingdoms-at-war
The Curse of Allston Manor	Valerie Claussen	5.00	3	https://www.goodreads.com/book/show/59127205-the-curse-of-allston-manor
Taste (The Consumption Trilogy, #1)	Allison M. Dickson	3.92	25	https://www.goodreads.com/book/show/13350463-taste
A Dark Tide (Book of One, #6)	Jordan Baker	3.98	352	https://www.goodreads.com/book/show/22558367-a-dark-tide
Threads	Tom Tinney	4.00	27	https://www.goodreads.com/book/show/18716542-threads
Kill Zombies (Leopard King Saga, #1.1)	T.A. Uner	3.90	51	https://www.goodreads.com/book/show/20255953-kill-zombies
The Island of Hope	Andrei Livadny	3.86	35	https://www.goodreads.com/book/show/27393392-the-island-of-hope
The Deceivers	Alfred Bester	3.11	467	https://www.goodreads.com/book/show/715061.The_Deceivers
A Wind in the Door (Time Quintet, #2)	Madeleine L'Engle	3.97	134,629	https://www.goodreads.com/book/show/18130.A_Wind_in_the_Door
Fractured Fantasies: Valentine's Venom	Torie N. James	5.00	6	https://www.goodreads.com/book/show/29082393-fractured-fantasies
Road to Yesterday	Greta Cribbs	4.37	35	https://www.goodreads.com/book/show/34921947-road-to-yesterday
Dominion (Life After #3)	Julie Hall	4.45	491	https://www.goodreads.com/book/show/38390771-dominion
Loving the Dragon (Dragon Touched, #2)	Louise Meyers	4.50	2	https://www.goodreads.com/book/show/39319354-loving-the-dragon
Anuanna: The Karda Jewel - Part 2	Madeline McQueen	5.00	2	https://www.goodreads.com/book/show/43586528-anuanna
The Rings of Hesaurun	Peter Harrett	4.93	408	https://www.goodreads.com/book/show/57778196-the-rings-of-hesaurun
The Encounter (Boreal and John Grey, #1)	Chrystalla Thoma	3.64	76	https://www.goodreads.com/book/show/17237077-the-encounter
Kyrathaba Rising	William Bryan Miller	4.20	71	https://www.goodreads.com/book/show/18306658-kyrathaba-rising
Guns and Dogs (American Legends, #1)	T.A. Uner	3.95	42	https://www.goodreads.com/book/show/23274713-guns-and-dogs
A Shadow Flame (Book of One, #7)	Jordan Baker	3.79	269	https://www.goodreads.com/book/show/23875314-a-shadow-flame
The Naked Demon	Sherrie L.	2.67	6	https://www.goodreads.com/book/show/27855666-the-naked-demon
Reclaiming the Rabbit Hole	Torie N. James	4.90	20	https://www.goodreads.com/book/show/25676064-reclaiming-the-rabbit-hole
Healing the Dragon (Dragon Touched, #3)	Louise Meyers	4.50	2	https://www.goodreads.com/book/show/39319498-healing-the-dragon
Anuanna: The Karda Jewel - Part 1	Madeline McQueen	2.50	6	https://www.goodreads.com/book/show/43586500-anuanna
A Dream of the Past	Lisa Rusczyk Hazard	4.07	14	https://www.goodreads.com/book/show/8460461-a-dream-of-the-past
Colony Earth (The Alterran Legacy #1)	Regina M. Joseph	4.34	29	https://www.goodreads.com/book/show/17130424-colony-earth
Godblade (The Truefire Trilogy, #1)	Jordan Baker	4.00	18	https://www.goodreads.com/book/show/26039606-godblade
The Kartoss Gambit (The Way of the Shaman #2)	Vasily Mahanenko	4.29	6,018	https://www.goodreads.com/book/show/27404206-the-kartoss-gambit
Point of No Return	Torie N. James	4.80	20	https://www.goodreads.com/book/show/25676063-point-of-no-return
The Balcony	Maria Bernard	4.22	18	https://www.goodreads.com/book/show/29199716-the-balcony
Warfare (Life After, #2)	Julie Hall	4.34	671	https://www.goodreads.com/book/show/35084084-warfare
Sarazen's Vengeance (Sarazen Saga, #2)	Isabel Wroth	4.07	848	https://www.goodreads.com/book/show/31921274-sarazen-s-vengeance
Hréokai: the Rise of Azgharáth	Jeff Shanley	4.33	9	https://www.goodreads.com/book/show/12374461-hr-okai
Survival Quest (The Way of the Shaman, #1)	Vasily Mahanenko	4.21	8,111	https://www.goodreads.com/book/show/25342750-survival-quest
The Restaurant at the End of the Universe (Hitchhiker's Guide to the Galaxy, #2)	Douglas Adams	4.20	254,462	https://www.goodreads.com/book/show/8695.The_Restaurant_at_the_End_of_the_Universe
Fractured Fantasies: Volume One	Torie N. James	4.56	9	https://www.goodreads.com/book/show/29480034-fractured-fantasies
Brother Thomas and the Guardians of Zion: Foundations of Faith	Michael Chrobak	3.84	19	https://www.goodreads.com/book/show/35408670-brother-thomas-and-the-guardians-of-zion
Huntress (Life After, #1)	Julie Hall	4.07	1,104	https://www.goodreads.com/book/show/35064610-huntress
Sarazen's Betrayal (Sarazen Saga, #3)	Isabel Wroth	4.17	565	https://www.goodreads.com/book/show/34055392-sarazen-s-betrayal
Notes from An Alien	Alexander M. Zoltai	3.40	15	https://www.goodreads.com/book/show/9678578-notes-from-an-alien
Arielle Immortal Quickening (Immortal Rapture, #4)	Lilian Roberts	4.44	219	https://www.goodreads.com/book/show/22514483-arielle-immortal-quickening
The Outlaw (Phantom Server #2)	Andrei Livadny	4.06	879	https://www.goodreads.com/book/show/27263051-the-outlaw
Foundation (Foundation, #1)	Isaac Asimov	4.17	458,846	https://www.goodreads.com/book/show/29579.Foundation
The Paladin of Panama (Brother Thomas and the Guardians of Zion, #2)	Michael Chrobak	3.80	5	https://www.goodreads.com/book/show/35700956-the-paladin-of-panama
Illusionary	LeAnn Mason	4.41	116	https://www.goodreads.com/book/show/38492247-illusionary
Alien General's Chosen (Brion Brides, #4)	Vi Voxley	4.00	680	https://www.goodreads.com/book/show/28378968-alien-general-s-chosen
Destiny's Warriors	R.M. Putnam	4.88	8	https://www.goodreads.com/book/show/2336253.Destiny_s_Warriors
Arielle Immortal Journey (Immortal Rapture #5)	Lilian Roberts	4.61	80	https://www.goodreads.com/book/show/22728735-arielle-immortal-journey
Sector Eight (Perimeter Defense #1)	Michael Atamanov	4.11	1,846	https://www.goodreads.com/book/show/26689170-sector-eight
The Hitchhiker's Guide to the Galaxy (Hitchhiker's Guide to the Galaxy, #1)	Douglas Adams	4.22	1,592,379	https://www.goodreads.com/book/show/11.The_Hitchhiker_s_Guide_to_the_Galaxy
All Amity Allows (Fall for You #2)	Michelle Irwin	4.41	63	https://www.goodreads.com/book/show/25365779-all-amity-allows
Radio Nowhere	Lee Beard	4.30	37	https://www.goodreads.com/book/show/34842912-radio-nowhere
To The Falls (The Falls Trilogy #1)	Heather Renee	4.06	234	https://www.goodreads.com/book/show/34796986-to-the-falls
Alien General's Bride (Brion Brides, #3)	Vi Voxley	3.98	911	https://www.goodreads.com/book/show/28012494-alien-general-s-bride
Death Has a Name (Brodie Wade, #1)	Jerry Hanel	3.57	260	https://www.goodreads.com/book/show/10481762-death-has-a-name
The Lag (The Game Master #1)	Alex Bobl	3.06	204	https://www.goodreads.com/book/show/26104223-the-lag
Tehanu (Earthsea Cycle, #4)	Ursula K. Le Guin	3.95	44,479	https://www.goodreads.com/book/show/13654.Tehanu
Happily Evan After (Fall for You, #1)	Michelle Irwin	4.04	226	https://www.goodreads.com/book/show/23557129-happily-evan-after
From The Falls (The Falls Trilogy #2)	Heather Renee	4.58	97	https://www.goodreads.com/book/show/35396707-from-the-falls
Lure of Oblivion (The Mercury Pack, #3)	Suzanne Wright	4.21	7,593	https://www.goodreads.com/book/show/35228099-lure-of-oblivion
The Fall of Ossard (Ossard #1)	Colin Taber	3.50	197	https://www.goodreads.com/book/show/11170612-the-fall-of-ossard
Edge of Reality (Phantom Server, #1)	Andrei Livadny	3.84	1,467	https://www.goodreads.com/book/show/25446149-edge-of-reality
A Wizard of Earthsea (Earthsea Cycle, #1)	Ursula K. Le Guin	3.99	272,994	https://www.goodreads.com/book/show/77138.A_Wizard_of_Earthsea
The Guardians Series #2: Michael's Journey	Sherrie Henry	3.67	3	https://www.goodreads.com/book/show/25679561-the-guardians-series-2
Embracing The Falls (The Falls Trilogy #3)	Heather Renee	4.65	77	https://www.goodreads.com/book/show/36559425-embracing-the-falls
Force of Temptation (The Mercury Pack, #2)	Suzanne Wright	4.17	9,031	https://www.goodreads.com/book/show/30090807-force-of-temptation
Dust	Allison M. Dickson	3.75	300	https://www.goodreads.com/book/show/11317327-dust
Vampire Princess Rising (The Winters Family Saga, #2)	Jami Brumfield	4.33	236	https://www.goodreads.com/book/show/21955563-vampire-princess-rising
Beyond Death (Perimeter Defense #2)	Michael Atamanov	4.19	1,255	https://www.goodreads.com/book/show/29072894-beyond-death
Ringworld (Ringworld, #1)	Larry Niven	3.96	112,413	https://www.goodreads.com/book/show/61179.Ringworld
A Place Without Shadows (Deadlock, #2)	P.T. Hylton	4.06	265	https://www.goodreads.com/book/show/23480400-a-place-without-shadows
Apocalypse Five (Archive of the Fives #1)	Stacey Rourke	4.10	118	https://www.goodreads.com/book/show/41829863-apocalypse-five
Moorehead Manor (Moorehead Manor #1)	David McMullen-Sullivan	3.71	887	https://www.goodreads.com/book/show/17342361-moorehead-manor
Black Sun (Phantom Server #3)	Andrei Livadny	3.91	575	https://www.goodreads.com/book/show/29482822-black-sun
Regulation 19 (Deadlock, #1)	P.T. Hylton	4.00	698	https://www.goodreads.com/book/show/21855802-regulation-19
New Contract (Perimeter Defense #3)	Michael Atamanov	4.22	960	https://www.goodreads.com/book/show/30817648-new-contract
Fool's Ride (Jenkins Cycle, #2)	John L. Monk	4.23	223	https://www.goodreads.com/book/show/23411363-fool-s-ride
A Wolf's Bane	Sherrie Henry	4.20	10	https://www.goodreads.com/book/show/18742731-a-wolf-s-bane
The Citadel (Mirror World #2)	Alexey Osadchuk	4.26	1,975	https://www.goodreads.com/book/show/30175783-the-citadel
Happily Evan After (Fall for You, #1)	Michelle Irwin	4.04	226	https://www.goodreads.com/book/show/23163599-happily-evan-after
The Way of the Outcast (Mirror World #3)	Alexey Osadchuk	4.25	1,771	https://www.goodreads.com/book/show/32574948-the-way-of-the-outcast
Gunning For Marie	Tracey Steinbach	3.56	27	https://www.goodreads.com/book/show/22493996-gunning-for-marie
The Illustrious (The Sublime Electricity, #1)	Pavel Kornev	3.87	193	https://www.goodreads.com/book/show/31217024-the-illustrious
Twisted Revenge (Ever After #1)	Mia Bishop	4.57	7	https://www.goodreads.com/book/show/20652907-twisted-revenge
Moskau	Zotov*	3.93	14	https://www.goodreads.com/book/show/31202529-moskau
Kick (Jenkins Cycle, #1)	John L. Monk	3.97	787	https://www.goodreads.com/book/show/18623710-kick
Half a Step Away from Love	Olga Kuno	4.11	19	https://www.goodreads.com/book/show/30332496-half-a-step-away-from-love
Timeless Night (New Camelot, #1)	Torie N. James	4.54	95	https://www.goodreads.com/book/show/18518172-timeless-night
You're in Game!	Vasily Mahanenko	3.70	174	https://www.goodreads.com/book/show/33026940-you-re-in-game
Cruentus: Rise to Power	L.S. Broomfield	4.65	17	https://www.goodreads.com/book/show/17913073-cruentus
Her Christmas Tree	Tracey Steinbach	3.96	26	https://www.goodreads.com/book/show/13394160-her-christmas-tree
Spetsnaz (Permadeath #2)	Matthew Sylvester	3.43	23	https://www.goodreads.com/book/show/33237637-spetsnaz
That Witch!	Zoe Lynne	3.65	164	https://www.goodreads.com/book/show/17907357-that-witch
Aphrodite's Gift (League of Slayers, #1)	Allison Cassatta	4.03	38	https://www.goodreads.com/book/show/16002898-aphrodite-s-gift
Twenty-Four Hours	Sherrie Henry	4.14	7	https://www.goodreads.com/book/show/15707213-twenty-four-hours
Voice of the Elders	Greg Ripley	4.15	27	https://www.goodreads.com/book/show/38723459-voice-of-the-elders
The Free Citizen	T.J. Sedgwick	4.12	8	https://www.goodreads.com/book/show/46188395-the-free-citizen
The House on Infinity Loop (The Dimensional Alliance #1)	Bonnie K.T. Dillabough	4.32	31	https://www.goodreads.com/book/show/45176355-the-house-on-infinity-loop
Wild Sun (Wild Sun #1)	Ehsan Ahmad	4.28	60	https://www.goodreads.com/book/show/44093259-wild-sun
The Challenge of Ebrado	Aiden K.	4.00	4	https://www.goodreads.com/book/show/53534983-the-challenge-of-ebrado
Wings of Rebellion	Sean Atwood	2.00	1	https://www.goodreads.com/book/show/53817856-wings-of-rebellion
Vinculum and the Elder’s Envy	Matthew A. Smith and Rebecca Smith	3.50	2	https://www.goodreads.com/book/show/55647926-vinculum-and-the-elder-s-envy
A Temple of Forgotten Spirits: The Complete Adventures of Jack Hong	William F. Wu	3.69	13	https://www.goodreads.com/book/show/37712715-a-temple-of-forgotten-spirits
Thirds	Roger Alan Bonner	3.33	3	https://www.goodreads.com/book/show/57308118-thirds
Margot Merriweather: Winter Witchery	K.H. Bilton	0.00	0	https://www.goodreads.com/book/show/58336032-margot-merriweather
Framandi Alliance (Galaxy Accretion Conflicts #1)	Rashid Ahmed	4.00	15	https://www.goodreads.com/book/show/48767053-framandi-alliance
